-- GAPMC table data backup (INSERT statements)
-- Schema: gapmc. Generated by scripts/dump-db-data.ts
-- Generated: 2026-03-17T17:07:16.656Z

BEGIN;

-- Table gapmc.activity_logs: 6 rows
INSERT INTO gapmc."activity_logs" ("id", "action", "module", "user", "timestamp", "details") VALUES ('d28a5791-1189-41fc-9e8e-94593598a8b9', 'Invoice Generated', 'Rent/Tax', 'Super Admin', '2026-02-26T18:50:33.355Z', NULL);
INSERT INTO gapmc."activity_logs" ("id", "action", "module", "user", "timestamp", "details") VALUES ('5a070c63-7462-4f01-a48f-c1ef75dcfad9', 'Receipt Created', 'Receipts', 'Super Admin', '2026-02-26T17:50:33.355Z', NULL);
INSERT INTO gapmc."activity_logs" ("id", "action", "module", "user", "timestamp", "details") VALUES ('b94330cf-4680-4466-999d-146e31c781e3', 'Trader Registered', 'Traders', 'Super Admin', '2026-02-25T18:50:33.355Z', NULL);
INSERT INTO gapmc."activity_logs" ("id", "action", "module", "user", "timestamp", "details") VALUES ('4a0e152c-e9e3-483f-af37-e3d386f398f2', 'Receipt Created', 'Receipts', 'Super Admin', '2026-02-28T07:10:45.344Z', NULL);
INSERT INTO gapmc."activity_logs" ("id", "action", "module", "user", "timestamp", "details") VALUES ('5829fd68-5a7e-43ca-b861-a5a3e0272172', 'Market Fee Entry', 'Market Fee', 'Super Admin', '2026-02-28T07:23:38.921Z', NULL);
INSERT INTO gapmc."activity_logs" ("id", "action", "module", "user", "timestamp", "details") VALUES ('890981e9-ce7e-42ba-9eb5-d6cf7446487b', 'Market Fee Entry', 'Market Fee', 'Super Admin', '2026-02-28T07:24:24.800Z', NULL);

-- Table gapmc.agreements: 0 rows

-- Table gapmc.invoices: 3 rows
INSERT INTO gapmc."invoices" ("id", "trader_id", "trader_name", "premises", "yard", "yard_id", "month", "invoice_date", "base_rent", "cgst", "sgst", "interest", "total", "tds_applicable", "tds_amount", "status", "notes", "created_at", "updated_at") VALUES ('INV-2026-0001', 'TRD001', 'Ramesh Naik', 'Stall 14', 'Margao Main Yard', 1, 'January 2026', '2026-01-05', 5000, 450, 450, 0, 5900, false, 0, 'Paid', NULL, '2026-02-26T18:50:32.280Z', NULL);
INSERT INTO gapmc."invoices" ("id", "trader_id", "trader_name", "premises", "yard", "yard_id", "month", "invoice_date", "base_rent", "cgst", "sgst", "interest", "total", "tds_applicable", "tds_amount", "status", "notes", "created_at", "updated_at") VALUES ('INV-2026-0002', 'TRD002', 'Priya Desai', 'Godown 5', 'Margao Main Yard', 1, 'January 2026', '2026-01-05', 8000, 720, 720, 0, 9440, true, 800, 'Pending', NULL, '2026-02-26T18:50:32.423Z', NULL);
INSERT INTO gapmc."invoices" ("id", "trader_id", "trader_name", "premises", "yard", "yard_id", "month", "invoice_date", "base_rent", "cgst", "sgst", "interest", "total", "tds_applicable", "tds_amount", "status", "notes", "created_at", "updated_at") VALUES ('INV-2026-0003', 'TRD003', 'Santosh Kamat', 'Stall 7', 'Ponda Market Sub Yard', 2, 'January 2026', '2026-01-06', 3000, 270, 270, 150, 3690, false, 0, 'Overdue', NULL, '2026-02-26T18:50:32.563Z', NULL);

-- Table gapmc.market_fees: 2 rows
INSERT INTO gapmc."market_fees" ("id", "receipt_no", "entry_date", "entry_type", "trader_id", "trader_name", "license_no", "address", "gst_pan", "commodity", "commodity_type", "quantity", "unit", "rate_per_unit", "total_value", "market_fee", "vehicle_type", "vehicle_number", "location_id", "location_name", "payment_mode", "created_at", "updated_at") VALUES ('MF-2026-0001', 'MF-2026-0639', '2026-02-28', 'Import', 'TRD005', 'Vijay Shetty', 'LIC-MARGAO-005', 'Godown 8, Margao Main Yard', '30EFGPV5678E1Z8', 'Coconut', 'Horticultural', 1000, 'Kg', 2, 2000, 50, 'Mini Truck', 'GA-01-AC-2342', 2, 'Ponda Market Sub Yard', 'Cash', '2026-02-28T07:23:38.842Z', NULL);
INSERT INTO gapmc."market_fees" ("id", "receipt_no", "entry_date", "entry_type", "trader_id", "trader_name", "license_no", "address", "gst_pan", "commodity", "commodity_type", "quantity", "unit", "rate_per_unit", "total_value", "market_fee", "vehicle_type", "vehicle_number", "location_id", "location_name", "payment_mode", "created_at", "updated_at") VALUES ('MF-2026-0002', 'MF-2026-1906', '2026-02-28', 'Import', 'TRD002', 'Priya Desai', 'LIC-MARGAO-002', 'Godown 5, Margao Main Yard', '30BCQPD2345B1Z6', 'Fish', 'Non-Horticultural', 1111, 'Kg', 2, 2222, 56, 'Tempo', 'GA-01-SS-2321', 13, 'Dodamarg Check Post', 'Cash', '2026-02-28T07:24:24.720Z', NULL);

-- Table gapmc.receipts: 3 rows
INSERT INTO gapmc."receipts" ("id", "receipt_no", "receipt_date", "type", "trader_id", "trader_name", "head", "amount", "cgst", "sgst", "interest", "security_deposit", "tds_amount", "total", "payment_mode", "cheque_no", "cheque_bank", "cheque_date", "transaction_ref", "narration", "yard_id", "yard_name", "issued_by", "status", "created_at", "updated_at") VALUES ('REC-2026-0001', 'REC-2026-0001', '2026-01-10', 'Rent', 'TRD001', 'Ramesh Naik', 'Rent', 5000, 450, 450, NULL, NULL, NULL, 5900, 'Online', NULL, NULL, NULL, 'UTR123456789', NULL, 1, 'Margao Main Yard', 'Super Admin', 'Active', '2026-02-26T18:50:33.068Z', NULL);
INSERT INTO gapmc."receipts" ("id", "receipt_no", "receipt_date", "type", "trader_id", "trader_name", "head", "amount", "cgst", "sgst", "interest", "security_deposit", "tds_amount", "total", "payment_mode", "cheque_no", "cheque_bank", "cheque_date", "transaction_ref", "narration", "yard_id", "yard_name", "issued_by", "status", "created_at", "updated_at") VALUES ('REC-2026-0002', 'REC-2026-0002', '2026-01-12', 'Rent', 'TRD004', 'Fatima Shaikh', 'Rent', 4500, 405, 405, NULL, NULL, NULL, 5310, 'Cash', NULL, NULL, NULL, NULL, NULL, 4, 'Mapusa Market Sub Yard', 'Super Admin', 'Active', '2026-02-26T18:50:33.211Z', NULL);
INSERT INTO gapmc."receipts" ("id", "receipt_no", "receipt_date", "type", "trader_id", "trader_name", "head", "amount", "cgst", "sgst", "interest", "security_deposit", "tds_amount", "total", "payment_mode", "cheque_no", "cheque_bank", "cheque_date", "transaction_ref", "narration", "yard_id", "yard_name", "issued_by", "status", "created_at", "updated_at") VALUES ('REC-2026-0003', 'REC-2026-0996', '2026-02-28', 'Rent', 'TRD005', 'Vijay Shetty', 'Rent Payment', 12000, 0, 0, 0, 0, 0, 12000, 'Cash', NULL, NULL, NULL, NULL, NULL, 1, 'Margao Main Yard', 'Super Admin', 'Active', '2026-02-28T07:10:45.233Z', NULL);

-- Table gapmc.stock_returns: 3 rows
INSERT INTO gapmc."stock_returns" ("id", "trader_id", "trader_name", "period", "commodity", "opening_balance", "locally_procured", "purchased_from_trader", "sales", "closing_balance", "status", "created_at", "updated_at") VALUES ('804d1bc7-70c7-408c-90d8-2b4753839f68', 'TRD001', 'Ramesh Naik', '2026-01', 'Vegetables', 100, 50, 20, 120, 50, 'Submitted', '2026-02-28T08:07:54.196Z', NULL);
INSERT INTO gapmc."stock_returns" ("id", "trader_id", "trader_name", "period", "commodity", "opening_balance", "locally_procured", "purchased_from_trader", "sales", "closing_balance", "status", "created_at", "updated_at") VALUES ('556b2cd1-1d56-4c0a-9e42-69b606d61f06', 'TRD001', 'Ramesh Naik', '2026-01', 'Fruits', 80, 40, 15, 90, 45, 'Submitted', '2026-02-28T08:07:54.289Z', NULL);
INSERT INTO gapmc."stock_returns" ("id", "trader_id", "trader_name", "period", "commodity", "opening_balance", "locally_procured", "purchased_from_trader", "sales", "closing_balance", "status", "created_at", "updated_at") VALUES ('056c5b63-4d6d-4b1d-a835-c384cacd29ff', 'TRD003', 'Santosh Kamat', '2026-01', 'Vegetables', 60, 30, 10, 70, 30, 'Submitted', '2026-02-28T08:07:54.371Z', NULL);

-- Table gapmc.traders: 5 rows
INSERT INTO gapmc."traders" ("id", "asset_id", "name", "firm_name", "type", "mobile", "phone", "email", "residential_address", "business_address", "aadhaar", "pan", "gst", "epic_voter_id", "bank_name", "account_number", "ifsc_code", "branch_name", "yard_id", "yard_name", "premises", "premises_type", "registration_type", "commodities", "status", "agreement_start", "agreement_end", "rent_amount", "security_deposit", "created_at", "updated_at") VALUES ('TRD001', 'MARG-2024-001', 'Ramesh Naik', 'Naik Traders', 'Firm', '9822001001', NULL, 'ramesh@naiktraders.com', NULL, NULL, '1234-5678-9012', 'ABCPN1234A', '30ABCPN1234A1Z5', NULL, NULL, NULL, NULL, NULL, 1, 'Margao Main Yard', 'Stall 14', 'Stall', 'Permanent', '["Vegetables","Fruits"]', 'Active', '2024-01-01', '2026-12-31', 5000, 25000, '2026-02-26T18:50:31.178Z', NULL);
INSERT INTO gapmc."traders" ("id", "asset_id", "name", "firm_name", "type", "mobile", "phone", "email", "residential_address", "business_address", "aadhaar", "pan", "gst", "epic_voter_id", "bank_name", "account_number", "ifsc_code", "branch_name", "yard_id", "yard_name", "premises", "premises_type", "registration_type", "commodities", "status", "agreement_start", "agreement_end", "rent_amount", "security_deposit", "created_at", "updated_at") VALUES ('TRD002', 'MARG-2024-002', 'Priya Desai', 'Desai & Sons', 'Firm', '9822001002', NULL, 'priya@desaisns.com', NULL, NULL, '2345-6789-0123', 'BCQPD2345B', '30BCQPD2345B1Z6', NULL, NULL, NULL, NULL, NULL, 1, 'Margao Main Yard', 'Godown 5', 'Godown', 'Permanent', '["Rice","Wheat"]', 'Active', '2024-03-01', '2027-02-28', 8000, 40000, '2026-02-26T18:50:31.329Z', NULL);
INSERT INTO gapmc."traders" ("id", "asset_id", "name", "firm_name", "type", "mobile", "phone", "email", "residential_address", "business_address", "aadhaar", "pan", "gst", "epic_voter_id", "bank_name", "account_number", "ifsc_code", "branch_name", "yard_id", "yard_name", "premises", "premises_type", "registration_type", "commodities", "status", "agreement_start", "agreement_end", "rent_amount", "security_deposit", "created_at", "updated_at") VALUES ('TRD003', 'POND-2024-001', 'Santosh Kamat', 'Kamat Vegetables', 'Individual', '9822001003', NULL, 'santosh.kamat@gmail.com', NULL, NULL, '3456-7890-1234', 'CDRPK3456C', NULL, NULL, NULL, NULL, NULL, NULL, 2, 'Ponda Market Sub Yard', 'Stall 7', 'Stall', 'Temporary', '["Vegetables"]', 'Active', '2025-01-01', '2025-12-31', 3000, 15000, '2026-02-26T18:50:31.473Z', NULL);
INSERT INTO gapmc."traders" ("id", "asset_id", "name", "firm_name", "type", "mobile", "phone", "email", "residential_address", "business_address", "aadhaar", "pan", "gst", "epic_voter_id", "bank_name", "account_number", "ifsc_code", "branch_name", "yard_id", "yard_name", "premises", "premises_type", "registration_type", "commodities", "status", "agreement_start", "agreement_end", "rent_amount", "security_deposit", "created_at", "updated_at") VALUES ('TRD004', 'MAPU-2024-001', 'Fatima Shaikh', 'Shaikh Fruits', 'Firm', '9822001004', NULL, 'fatima.shaikh@shaikhfruits.com', NULL, NULL, '4567-8901-2345', 'DESPF4567D', '30DESPF4567D1Z7', NULL, NULL, NULL, NULL, NULL, 4, 'Mapusa Market Sub Yard', 'Stall 12', 'Stall', 'Permanent', '["Fruits","Coconut"]', 'Active', '2023-06-01', '2026-05-31', 4500, 22500, '2026-02-26T18:50:31.619Z', NULL);
INSERT INTO gapmc."traders" ("id", "asset_id", "name", "firm_name", "type", "mobile", "phone", "email", "residential_address", "business_address", "aadhaar", "pan", "gst", "epic_voter_id", "bank_name", "account_number", "ifsc_code", "branch_name", "yard_id", "yard_name", "premises", "premises_type", "registration_type", "commodities", "status", "agreement_start", "agreement_end", "rent_amount", "security_deposit", "created_at", "updated_at") VALUES ('TRD005', 'MARG-2024-003', 'Vijay Shetty', 'Shetty Trading Co', 'Pvt Ltd', '9822001005', NULL, 'vijay@shettytrading.com', NULL, NULL, '5678-9012-3456', 'EFGPV5678E', '30EFGPV5678E1Z8', NULL, NULL, NULL, NULL, NULL, 1, 'Margao Main Yard', 'Godown 8', 'Godown', 'Permanent', '["Cashew","Spices"]', 'Active', '2024-04-01', '2027-03-31', 12000, 60000, '2026-02-26T18:50:32.135Z', NULL);

COMMIT;
